{
    "packages": {
        "appium-core": [
            "appium"
        ],
        "appium-contrib": [
            "appium-adb",
            "appium-android-driver",
            "appium-android-ime",
            "appium-base-driver",
            "appium-chromedriver",
            "appium-doctor",
            "appium-espresso-driver",
            "appium-fake-driver",
            "appium-ios-driver",
            "appium-ios-simulator",
            "appium-mac-driver",
            "appium-remote-debugger",
            "appium-selendroid-driver",
            "appium-support",
            "appium-uiautomator2-driver",
            "appium-uiautomator2-server",
            "appium-unlock",
            "appium-xcode",
            "appium-xcuitest-driver",
            "authorize-ios",
            "eslint-config-appium",
            "io.appium.settings",
            "node-idevice",
            "node-simctl"
        ],
        "appium-tools": [
            "appium-ci",
            "appium-gulp-plugins",
            "appium-test-support",
            "teen_process",
            "packweb"
        ],
        "appium-apps": [
            "android-apidemos",
            "gps-demo-app",
            "io.appium.gappium.sampleapp",
            "ios-test-app",
            "ios-uicatalog",
            "ios-webview-app",
            "sample-apps"
        ],
        "extra-jlipps": [
            "asyncbox"
        ],
        "extra-wd": [
            "wd"
        ]
    },
    "owners": {
        "appium-core": [
            "imurchie",
            "jlipps",
            "dangraham"
        ],
        "appium-contrib": [
            "imurchie",
            "jlipps",
            "dangraham"
        ],
        "appium-tools": [
            "imurchie",
            "jlipps",
            "dangraham"
        ],
        "appium-apps": [
            "imurchie",
            "jlipps",
            "dangraham"
        ],
        "extra-jlipps": [
            "jlipps"
        ],
        "extra-wd": [
            "admc",
            "jlipps",
            "sebv",
            "sourishkrout"
        ]
    }
}
